iter	Logloss
0	0.6680619813
1	0.6575721395
2	0.653903634
3	0.6506194023
4	0.6481630986
5	0.6468768899
6	0.6457102009
7	0.6447129846
8	0.6435832176
9	0.6429097634
10	0.6423687874
11	0.6418578231
12	0.6414010152
13	0.6408368762
14	0.6403420647
